抽せん日,数字1,数字2,数字3,数字4,数字5,数字6,数字7,数字8
2017/4/5,1,10,13,19,23,28,35,37
2017/4/12,1,6,15,18,21,30,35,38
2017/4/19,4,6,12,17,24,28,31,40
2017/4/26,2,7,13,19,21,30,33,38
2017/5/3,5,8,13,19,24,29,32,36
2017/5/10,1,9,12,19,21,26,31,39
2017/5/17,4,9,13,18,21,27,31,37
2017/5/24,2,10,15,20,21,28,31,39
2017/5/31,2,8,13,19,21,27,35,38
2017/6/7,2,6,15,16,25,29,35,36
2017/6/14,3,9,14,19,22,26,34,37
2017/6/21,1,10,11,17,24,30,35,36
2017/6/28,4,10,13,16,21,26,34,39
2017/7/5,1,10,13,19,21,28,34,39
2017/7/12,3,10,12,17,22,27,32,39
2017/7/19,3,9,14,20,21,29,31,36
2017/7/26,1,9,12,20,23,29,35,37
2017/8/2,5,9,12,20,24,27,35,38
2017/8/9,5,9,12,16,25,29,31,38
2017/8/16,4,9,15,19,22,28,34,39
2017年8月23日,2,8,15,20,25,29,35,37
2017年8月30日,1,9,14,16,21,29,34,40
2017年9月6日,1,7,11,20,24,29,31,37
2017年9月13日,2,6,15,18,21,28,32,37
2017年9月20日,3,7,11,16,24,28,32,37
2017年9月27日,3,9,13,20,22,29,35,38
2017年10月4日,5,9,15,19,24,26,32,37
2017年10月11日,1,7,15,17,21,29,34,40
2017年10月18日,1,9,12,19,24,29,31,36
2017年10月25日,3,10,11,16,21,26,35,38
2017年11月1日,5,10,14,20,24,30,31,39
2017年11月8日,4,6,15,18,23,30,32,36
2017年11月15日,4,8,12,18,25,28,35,40
2017年11月22日,5,7,15,17,21,28,32,38
2017年11月29日,2,9,13,20,24,30,35,39
2017年12月6日,5,6,13,16,22,26,35,39
2017年12月13日,2,6,14,18,25,27,34,36
2017年12月20日,2,8,13,20,23,30,31,38
2017年12月27日,5,10,13,19,21,30,32,36
2018年1月10日,3,6,15,19,22,29,31,36
2018年1月17日,3,7,11,19,21,30,31,36
2018年1月24日,4,9,13,18,21,28,35,37
2018年1月31日,1,6,15,16,24,27,33,39
2018年2月7日,3,8,15,16,21,30,33,38
2018年2月14日,3,6,14,18,22,30,31,39
2018年2月21日,5,7,11,18,24,26,31,40
2018年2月28日,1,7,12,20,24,26,31,39
2018年3月7日,3,10,11,19,21,27,32,36
2018年3月14日,2,7,11,18,24,30,32,38
2018年3月21日,2,6,15,19,23,27,33,40
2018年3月28日,1,7,11,17,22,30,35,40
2018年4月4日,5,9,11,20,23,27,35,40
2018年4月11日,3,9,14,17,21,26,32,38
2018年4月18日,2,8,13,18,22,30,32,36
2018年4月25日,5,9,13,18,23,27,31,40
2018年5月2日,2,8,15,16,24,28,35,37
2018年5月9日,3,9,11,20,24,26,31,39
2018年5月16日,2,7,12,18,21,27,34,38
2018年5月23日,1,9,15,19,23,30,33,38
2018年5月30日,2,6,15,19,25,29,31,40
2018年6月6日,2,10,13,16,21,28,35,40
2018年6月13日,2,6,13,20,22,30,31,39
2018年6月20日,5,10,11,20,24,29,31,36
2018年6月27日,5,6,11,16,21,26,34,37
2018年7月4日,1,10,15,17,24,30,35,37
2018年7月11日,4,10,12,19,23,26,33,39
2018年7月18日,2,6,12,16,24,30,31,40
2018年7月25日,2,8,11,16,22,29,32,36
2018年8月1日,1,6,13,18,25,27,32,40
2018年8月8日,5,6,12,17,23,30,33,39
2018年8月15日,4,6,13,19,23,27,35,39
2018年8月22日,2,8,11,16,22,29,31,40
2018年8月29日,5,9,12,16,23,28,35,37
2018年9月5日,2,8,11,20,22,28,33,37
2018年9月12日,5,6,12,17,22,29,34,40
2018年9月19日,2,6,13,18,25,30,31,38
2018年9月26日,2,10,15,16,24,27,34,40
2018年10月3日,5,7,14,16,24,27,33,38
2018年10月10日,3,7,12,19,25,26,32,36
2018年10月17日,5,9,11,16,23,27,33,38
2018年10月24日,5,8,15,19,25,27,33,40
2018年10月31日,5,6,11,20,24,27,34,40
2018年11月7日,4,8,15,19,24,30,34,36
2018年11月14日,2,7,15,18,22,30,31,36
2018年11月21日,3,7,11,17,24,26,35,40
2018年11月28日,4,10,11,17,21,30,31,36
2018年12月5日,3,8,11,19,24,30,35,36
2018年12月12日,1,9,13,18,24,27,34,36
2018年12月19日,3,6,13,16,24,28,35,38
2018年12月26日,3,6,13,18,24,27,35,39
2019年1月9日,2,8,15,19,24,27,34,39
2019年1月16日,1,6,12,19,23,26,31,38
2019年1月23日,1,8,14,18,22,26,35,40
2019年1月30日,3,10,12,18,22,26,34,36
2019年2月6日,2,7,12,18,23,30,31,37
2019年2月13日,3,8,14,19,25,30,33,36
2019年2月20日,3,10,14,17,24,26,34,36
2019年2月27日,4,7,12,18,21,28,35,38
2019年3月6日,4,10,11,17,22,28,35,37
2019年3月13日,2,8,15,17,25,26,34,37
2019年3月20日,3,10,15,17,25,29,35,37
2019年3月27日,4,8,11,17,24,28,34,39
2019年4月3日,5,6,14,16,24,29,35,39
2019年4月10日,5,9,13,17,22,29,35,38
2019年4月17日,1,10,12,16,22,29,33,36
2019年4月24日,3,6,12,17,25,29,33,36
2019年5月1日,1,9,12,19,23,28,34,36
2019年5月8日,1,6,14,17,24,26,32,40
2019年5月15日,1,10,15,20,22,27,33,39
2019年5月22日,5,8,13,20,25,26,33,40
2019年5月29日,2,9,12,20,22,28,34,39
2019年6月5日,2,8,14,20,25,30,34,40
2019年6月12日,4,8,15,20,21,26,34,36
2019年6月19日,1,6,12,19,24,30,32,38
2019年6月26日,5,8,15,17,21,30,31,37
2019年7月3日,2,7,12,18,23,28,35,37
2019年7月10日,5,10,13,17,25,30,34,37
2019年7月17日,5,10,12,17,23,30,35,38
2019年7月24日,2,6,15,19,25,30,35,37
2019年7月31日,3,7,14,17,22,30,33,37
2019年8月7日,3,6,14,17,23,26,31,40
2019年8月14日,1,9,12,20,25,29,34,39
2019年8月21日,2,8,12,20,24,30,33,36
2019年8月28日,5,7,11,20,22,30,33,39
2019年9月4日,4,10,13,17,22,26,32,37
2019年9月11日,1,8,13,18,21,27,35,36
2019年9月18日,3,8,14,17,23,26,31,40
2019年9月25日,4,10,11,16,24,26,31,36
2019年10月2日,1,6,15,16,24,29,34,40
2019年10月9日,2,7,12,16,21,29,31,40
2019年10月16日,4,6,11,16,21,30,31,37
2019年10月23日,1,6,13,18,21,27,35,38
2019年10月30日,2,9,12,17,22,29,32,39
2019年11月6日,3,9,14,19,21,30,34,36
2019年11月13日,5,6,13,16,22,27,32,36
2019年11月20日,3,9,12,20,24,26,33,36
2019年11月27日,5,8,11,19,21,30,35,36
2019年12月4日,4,10,11,20,24,30,32,40
2019年12月11日,5,9,13,19,25,29,32,40
2019年12月18日,2,6,15,17,23,30,33,36
2019年12月25日,3,8,14,18,24,29,33,40
2020年1月8日,5,10,11,20,21,30,33,36
2020年1月15日,2,8,14,17,23,28,33,36
2020年1月22日,5,7,15,16,25,27,35,36
2020年1月29日,4,9,14,20,24,27,35,39
2020年2月5日,2,10,14,17,25,28,33,38
2020年2月12日,5,10,13,17,23,30,31,36
2020年2月19日,5,9,14,16,23,29,33,37
2020年2月26日,1,6,13,17,23,30,34,36
2020年3月4日,3,9,11,17,23,27,33,38
2020年3月11日,4,10,15,17,24,29,34,37
2020年3月18日,5,7,12,17,22,27,34,36
2020年3月25日,5,6,15,20,23,28,35,38
2020年4月1日,4,10,15,19,22,27,35,37
2020年4月8日,3,8,15,18,24,30,35,38
2020年4月15日,4,10,13,18,23,28,32,37
2020年4月22日,5,9,14,20,23,28,32,37
2020年4月29日,2,10,12,16,25,30,35,37
2020年5月6日,5,6,12,18,25,28,32,36
2020年5月13日,1,6,11,19,25,27,32,36
2020年5月20日,2,10,11,18,24,26,35,39
2020年5月27日,5,7,15,16,22,30,32,38
2020年6月3日,5,6,14,20,25,28,35,37
2020年6月10日,4,9,13,20,21,27,34,38
2020年6月17日,5,6,12,19,25,26,35,36
2020年6月24日,2,10,15,16,24,29,33,37
2020年7月1日,2,6,12,16,21,27,34,37
2020年7月8日,5,7,12,18,24,30,35,37
2020年7月15日,3,10,11,19,23,29,31,40
2020年7月22日,2,8,14,20,23,30,34,36
2020年7月29日,4,6,12,20,23,27,34,39
2020年8月5日,1,10,14,19,21,30,32,38
2020年8月12日,1,6,14,16,22,30,33,38
2020年8月19日,2,9,13,20,23,30,34,37
2020年8月26日,1,6,12,17,22,26,35,36
2020年9月2日,2,10,14,16,23,27,34,40
2020年9月9日,3,6,14,18,25,28,35,39
2020年9月16日,2,9,11,16,25,28,35,37
2020年9月23日,1,7,12,16,21,29,33,38
2020年9月30日,1,10,14,18,23,26,33,36
2020年10月7日,2,6,13,16,21,29,35,36
2020年10月14日,4,8,14,20,22,26,35,38
2020年10月21日,3,9,11,19,23,30,35,36
2020年10月28日,1,8,15,19,24,29,32,40
2020年11月4日,4,9,12,19,25,30,34,39
2020年11月11日,3,10,13,19,22,29,35,37
2020年11月18日,5,7,12,17,24,27,32,40
2020年11月25日,3,8,13,19,21,28,31,37
2020年12月2日,5,8,15,20,21,27,32,40
2020年12月9日,3,8,13,19,22,28,32,39
2020年12月16日,5,9,11,18,22,26,35,37
2020年12月23日,4,8,15,18,21,28,32,37
2020年12月30日,5,6,13,20,25,27,31,37
2021年1月6日,2,6,13,16,23,30,31,37
2021年1月13日,4,8,15,16,25,29,33,36
2021年1月20日,2,8,11,19,22,27,33,37
2021年1月27日,4,7,12,17,25,30,32,38
2021年2月3日,5,9,15,17,21,29,34,36
2021年2月10日,3,7,12,18,25,29,31,38
2021年2月17日,4,8,15,17,24,28,32,37
2021年2月24日,1,10,11,19,24,30,33,36
2021年3月3日,4,6,15,20,22,29,34,37
2021年3月10日,4,7,14,19,25,26,34,38
2021年3月17日,1,7,15,20,25,27,35,40
2021年3月24日,2,10,14,17,25,28,34,36
2021年3月31日,4,9,15,19,25,29,35,38
2021年4月7日,2,7,13,20,23,30,32,39
2021年4月14日,1,7,12,18,23,26,35,38
2021年4月21日,1,7,12,18,25,26,31,36
2021年4月28日,5,6,11,17,22,26,31,38
2021年5月5日,5,8,12,16,21,29,33,36
2021年5月12日,2,7,12,18,22,29,35,38
2021年5月19日,2,6,15,18,23,29,33,40
2021年5月26日,4,7,15,20,25,27,32,38
2021年6月2日,4,10,14,18,21,26,31,39
2021年6月9日,5,8,14,19,22,28,35,38
2021年6月16日,3,8,14,17,23,28,32,37
2021年6月23日,3,8,14,17,22,29,32,39
2021年6月30日,1,10,11,18,21,26,34,38
2021年7月7日,3,9,11,19,23,30,32,38
2021年7月14日,5,6,14,17,24,29,31,40
2021年7月21日,1,10,12,19,25,26,32,39
2021年7月28日,5,8,11,16,22,28,35,36
2021年8月4日,5,8,13,18,21,26,35,37
2021年8月11日,1,9,11,18,22,29,32,39
2021年8月18日,1,8,13,17,22,27,35,37
2021年8月25日,3,8,12,16,22,28,31,36
2021年9月1日,5,8,13,17,24,27,34,37
2021年9月8日,5,6,12,16,22,27,35,37
2021年9月15日,3,8,14,17,25,28,32,40
2021年9月22日,1,8,15,20,22,28,34,39
2021年9月29日,1,10,15,19,25,30,35,39
2021年10月6日,2,10,13,16,23,30,32,40
2021年10月13日,4,6,13,16,23,30,31,37
2021年10月20日,1,7,14,18,21,29,35,40
2021年10月27日,2,8,14,18,23,27,34,37
2021年11月3日,2,8,12,16,21,29,35,39
2021年11月10日,2,7,14,16,24,27,34,39
2021年11月17日,3,8,11,18,21,27,33,37
2021年11月24日,2,10,13,20,21,26,35,40
2021年12月1日,4,10,12,20,24,29,35,38
2021年12月8日,2,6,14,20,22,28,31,38
2021年12月15日,3,6,14,18,23,28,33,37
2021年12月22日,2,9,14,19,24,27,33,37
2021年12月29日,5,7,14,18,22,29,35,36
2022年1月5日,5,7,14,16,25,26,35,37
2022年1月12日,3,8,14,20,23,30,34,39
2022年1月19日,3,6,14,18,24,30,34,37
2022年1月26日,5,9,12,19,25,28,35,39
2022年2月2日,3,6,11,17,23,28,35,38
2022年2月9日,4,7,13,18,25,30,33,36
2022年2月16日,5,10,14,17,22,29,34,36
2022年2月23日,5,9,11,19,23,30,33,36
2022年3月2日,3,10,11,20,23,29,31,37
2022年3月9日,2,8,15,19,23,28,33,39
2022年3月16日,3,8,12,17,24,27,33,37
2022年3月23日,5,6,12,19,23,27,33,40
2022年3月30日,4,9,15,16,22,27,35,38
2022年4月6日,4,10,11,16,25,27,31,37
2022年4月13日,5,8,14,18,25,28,31,38
2022年4月20日,1,7,12,18,24,29,35,37
2022年4月27日,3,6,13,20,23,30,34,38
2022年5月4日,5,8,12,17,24,29,34,36
2022年5月11日,1,10,12,16,23,28,34,36
2022年5月18日,1,10,14,20,24,26,33,39
2022年5月25日,5,7,12,18,23,26,35,36
2022年6月1日,5,10,14,18,21,27,33,36
2022年6月8日,2,7,15,20,25,29,35,36
2022年6月15日,2,7,13,17,25,27,34,37
2022年6月22日,2,9,14,17,21,27,33,40
2022年6月29日,2,9,11,19,21,27,33,37
2022年7月6日,4,10,13,16,22,30,32,39
2022年7月13日,1,6,13,20,22,30,32,39
2022年7月20日,4,6,13,18,25,26,35,40
2022年7月27日,1,8,11,19,24,30,32,37
2022年8月3日,5,8,14,19,21,29,34,38
2022年8月10日,4,10,13,18,22,29,31,37
2022年8月17日,1,7,14,17,24,26,33,37
2022年8月24日,3,8,11,18,23,26,31,40
2022年8月31日,4,10,14,19,23,29,34,37
2022年9月7日,1,7,11,20,21,27,31,40
2022年9月14日,3,7,13,20,21,29,31,37
2022年9月21日,5,8,11,18,25,28,33,38
2022年9月28日,5,9,14,17,24,29,35,39
2022年10月5日,4,6,15,20,25,30,34,40
2022年10月12日,4,6,15,20,25,26,32,39
2022年10月19日,3,9,13,16,24,29,35,38
2022年10月26日,4,7,12,20,21,26,33,39
2022年11月2日,3,8,13,19,24,30,32,39
2022年11月9日,3,10,15,18,21,27,31,36
2022年11月16日,4,7,14,19,24,30,33,36
2022年11月23日,3,6,13,16,25,26,35,37
2022年11月30日,4,7,14,16,22,28,31,36
2022年12月7日,3,8,14,16,21,26,33,37
2022年12月14日,2,8,14,19,25,27,33,38
2022年12月21日,3,6,15,20,21,26,32,38
2022年12月28日,3,10,11,17,22,28,34,39
2023年1月4日,1,6,12,18,23,30,33,38
2023年1月11日,3,9,12,17,23,27,35,36
2023年1月18日,1,7,15,17,21,29,35,37
2023年1月25日,5,6,12,16,25,29,32,40
2023年2月1日,4,6,12,18,24,29,33,36
2023年2月8日,5,7,11,17,23,26,31,40
2023年2月15日,5,9,15,20,24,28,32,38
2023年2月22日,1,9,14,16,22,27,31,39
2023年3月1日,2,9,15,18,22,30,35,36
2023年3月8日,2,9,11,16,21,30,35,38
2023年3月15日,5,7,13,20,21,26,32,36
2023年3月22日,5,7,12,17,24,26,31,40
2023年3月29日,3,8,12,16,24,29,31,36
2023年4月5日,2,8,15,17,24,29,33,38
2023年4月12日,4,9,14,17,21,29,35,39
2023年4月19日,2,7,14,16,21,28,31,38
2023年4月26日,3,7,15,16,22,29,34,36
2023年5月3日,4,7,11,19,21,27,35,39
2023年5月10日,3,7,14,17,22,26,33,36
2023年5月17日,2,7,14,17,22,29,35,38
2023年5月24日,1,8,11,18,22,29,34,37
2023年5月31日,4,10,11,18,25,28,35,38
2023年6月7日,3,10,11,17,23,28,33,36
2023年6月14日,3,10,14,18,24,29,35,38
2023年6月21日,4,8,14,20,24,26,31,36
2023年6月28日,5,9,15,20,21,27,35,40
2023年7月5日,5,6,14,16,25,30,35,40
2023年7月12日,2,7,11,19,23,28,31,39
2023年7月19日,2,6,12,18,23,28,32,37
2023年7月26日,2,10,13,20,22,30,35,38
2023年8月2日,4,8,11,16,21,26,35,38
2023年8月9日,4,9,14,18,24,28,32,39
2023年8月16日,3,6,13,16,23,29,32,39
2023年8月23日,3,8,15,20,24,27,35,36
2023年8月30日,4,9,13,19,25,26,35,37
2023年9月6日,3,6,12,16,21,28,34,36
2023年9月13日,3,10,13,17,22,26,34,36
2023年9月20日,4,8,12,17,22,26,34,38
2023年9月27日,4,9,13,20,21,28,33,38
2023年10月4日,3,6,15,18,25,29,31,38
2023年10月11日,3,8,13,17,24,28,33,36
2023年10月18日,1,10,12,20,24,28,32,38
2023年10月25日,3,7,13,18,24,27,34,39
2023年11月1日,5,8,14,19,24,30,34,36
2023年11月8日,4,10,12,18,24,26,33,37
2023年11月15日,2,8,11,16,23,28,34,37
2023年11月22日,5,10,12,20,21,30,34,37
2023年11月29日,2,7,15,19,22,29,32,36
2023年12月6日,3,9,12,16,23,28,35,36
2023年12月13日,1,7,14,19,21,29,35,37
2023年12月20日,3,9,14,16,22,29,35,37
2023年12月27日,2,8,15,19,23,30,31,36
2024年1月10日,1,6,12,18,21,28,32,38
2024年1月17日,2,9,11,17,22,29,32,38
2024年1月24日,3,6,12,17,23,26,31,38
2024年1月31日,5,6,13,19,23,27,33,40
2024年2月7日,3,9,12,19,25,26,34,40
2024年2月14日,5,7,15,20,24,27,32,40
2024年2月21日,2,7,12,20,24,28,35,37
2024年2月28日,3,8,13,19,24,28,32,38
2024年3月6日,5,6,14,20,21,27,31,38
2024年3月13日,1,8,13,17,23,28,31,37
2024年3月20日,3,8,15,16,24,27,32,38
2024年3月27日,3,6,14,17,22,30,32,38
2024年4月3日,3,8,15,18,23,26,32,38
2024年4月10日,2,8,14,16,23,26,33,40
2024年4月17日,1,6,15,16,24,28,31,39
2024年4月24日,5,7,15,18,23,28,34,36
2024年5月1日,3,6,15,20,21,27,32,40
2024年5月8日,4,6,15,17,22,29,34,40
2024年5月15日,1,6,11,19,23,30,32,40
2024年5月22日,2,9,14,19,25,27,31,37
2024年5月29日,3,7,12,17,24,27,32,38
2024年6月5日,1,7,14,20,24,29,32,39
2024年6月12日,2,6,12,19,21,27,34,38
2024年6月19日,5,9,12,18,22,29,34,38
2024年6月26日,2,9,13,18,23,28,35,37
2024年7月3日,5,9,11,16,22,30,33,37
